<keymap version="1" name="thuymm" parent="VSCode OSX">
  <action id="ActivateLogcatToolWindow">
    <keyboard-shortcut first-keystroke="shift meta c" />
  </action>
  <action id="RecentFiles">
    <keyboard-shortcut first-keystroke="meta e" />
  </action>
  <action id="ViewStatusBar">
    <keyboard-shortcut first-keystroke="shift alt s" />
  </action>
  <action id="ViewToolButtons">
    <keyboard-shortcut first-keystroke="meta b" />
  </action>
  <action id="android.deploy.ApplyChanges">
    <keyboard-shortcut first-keystroke="ctrl meta e" />
  </action>
  <action id="android.deploy.CodeSwap">
    <keyboard-shortcut first-keystroke="shift ctrl meta e" />
  </action>
</keymap>